{"top_10s": {"Brazil": [{"pas": 79, "name": "Neymar", "club": "Paris Saint-Germain", "photo": "https://cdn.sofifa.org/18/players/190871.png", "age": 25, "club_logo": "https://cdn.sofifa.org/18/teams/73.png", "overall": 92, "dri": 95, "phy": 60, "pac": 92, "nationality": "Brazil", "def": 30, "sho": 84}, {"pas": 73, "name": "Thiago Silva", "club": "Paris Saint-Germain", "photo": "https://cdn.sofifa.org/18/players/164240.png", "age": 32, "club_logo": "https://cdn.sofifa.org/18/teams/73.png", "overall": 88, "dri": 73, "phy": 79, "pac": 72, "nationality": "Brazil", "def": 89, "sho": 56}, {"pas": 80, "name": "Marcelo", "club": "Real Madrid CF", "photo": "https://cdn.sofifa.org/18/players/176676.png", "age": 29, "club_logo": "https://cdn.sofifa.org/18/teams/243.png", "overall": 87, "dri": 86, "phy": 79, "pac": 78, "nationality": "Brazil", "def": 83, "sho": 69}, {"pas": 77, "name": "Alex Sandro", "club": "Juventus", "photo": "https://cdn.sofifa.org/18/players/191043.png", "age": 26, "club_logo": "https://cdn.sofifa.org/18/teams/45.png", "overall": 86, "dri": 81, "phy": 84, "pac": 86, "nationality": "Brazil", "def": 81, "sho": 65}, {"pas": 83, "name": "Coutinho", "club": "Liverpool", "photo": "https://cdn.sofifa.org/18/players/189242.png", "age": 25, "club_logo": "https://cdn.sofifa.org/18/teams/9.png", "overall": 86, "dri": 88, "phy": 64, "pac": 82, "nationality": "Brazil", "def": 35, "sho": 78}, {"pas": 74, "name": "David Luiz", "club": "Chelsea", "photo": "https://cdn.sofifa.org/18/players/179944.png", "age": 30, "club_logo": "https://cdn.sofifa.org/18/teams/5.png", "overall": 86, "dri": 71, "phy": 81, "pac": 70, "nationality": "Brazil", "def": 84, "sho": 64}, {"pas": 60, "name": "Miranda", "club": "Inter", "photo": "https://cdn.sofifa.org/18/players/168609.png", "age": 32, "club_logo": "https://cdn.sofifa.org/18/teams/44.png", "overall": 86, "dri": 67, "phy": 77, "pac": 71, "nationality": "Brazil", "def": 88, "sho": 49}, {"pas": 74, "name": "Casemiro", "club": "Real Madrid CF", "photo": "https://cdn.sofifa.org/18/players/200145.png", "age": 25, "club_logo": "https://cdn.sofifa.org/18/teams/243.png", "overall": 85, "dri": 72, "phy": 86, "pac": 62, "nationality": "Brazil", "def": 84, "sho": 68}, {"pas": 77, "name": "Filipe Lu\u00eds", "club": "Atl\u00e9tico Madrid", "photo": "https://cdn.sofifa.org/18/players/164169.png", "age": 31, "club_logo": "https://cdn.sofifa.org/18/teams/240.png", "overall": 85, "dri": 77, "phy": 79, "pac": 79, "nationality": "Brazil", "def": 82, "sho": 62}, {"pas": 81, "name": "Willian", "club": "Chelsea", "photo": "https://cdn.sofifa.org/18/players/180403.png", "age": 28, "club_logo": "https://cdn.sofifa.org/18/teams/5.png", "overall": 84, "dri": 86, "phy": 64, "pac": 88, "nationality": "Brazil", "def": 49, "sho": 76}], "Netherlands": [{"pas": 81, "name": "A. Robben", "club": "FC Bayern Munich", "photo": "https://cdn.sofifa.org/18/players/9014.png", "age": 33, "club_logo": "https://cdn.sofifa.org/18/teams/21.png", "overall": 88, "dri": 91, "phy": 63, "pac": 86, "nationality": "Netherlands", "def": 32, "sho": 86}, {"pas": 82, "name": "K. Strootman", "club": "Roma", "photo": "https://cdn.sofifa.org/18/players/189712.png", "age": 27, "club_logo": "https://cdn.sofifa.org/18/teams/52.png", "overall": 84, "dri": 78, "phy": 82, "pac": 67, "nationality": "Netherlands", "def": 78, "sho": 74}, {"pas": 67, "name": "V. van Dijk", "club": "Southampton", "photo": "https://cdn.sofifa.org/18/players/203376.png", "age": 25, "club_logo": "https://cdn.sofifa.org/18/teams/17.png", "overall": 83, "dri": 69, "phy": 85, "pac": 73, "nationality": "Netherlands", "def": 83, "sho": 60}, {"pas": 58, "name": "S. de Vrij", "club": "Lazio", "photo": "https://cdn.sofifa.org/18/players/198176.png", "age": 25, "club_logo": "https://cdn.sofifa.org/18/teams/46.png", "overall": 83, "dri": 65, "phy": 76, "pac": 68, "nationality": "Netherlands", "def": 85, "sho": 41}, {"pas": 57, "name": "B. Dost", "club": "Sporting CP", "photo": "https://cdn.sofifa.org/18/players/189068.png", "age": 28, "club_logo": "https://cdn.sofifa.org/18/teams/237.png", "overall": 83, "dri": 64, "phy": 83, "pac": 60, "nationality": "Netherlands", "def": 43, "sho": 83}, {"pas": 86, "name": "W. Sneijder", "club": "OGC Nice", "photo": "https://cdn.sofifa.org/18/players/139869.png", "age": 33, "club_logo": "https://cdn.sofifa.org/18/teams/72.png", "overall": 83, "dri": 82, "phy": 57, "pac": 69, "nationality": "Netherlands", "def": 38, "sho": 78}, {"pas": 76, "name": "Q. Promes", "club": "Spartak Moscow", "photo": "https://cdn.sofifa.org/18/players/208808.png", "age": 25, "club_logo": "https://cdn.sofifa.org/18/teams/100767.png", "overall": 82, "dri": 83, "phy": 67, "pac": 89, "nationality": "Netherlands", "def": 29, "sho": 81}, {"pas": 74, "name": "D. Klaassen", "club": "Everton", "photo": "https://cdn.sofifa.org/18/players/203483.png", "age": 24, "club_logo": "https://cdn.sofifa.org/18/teams/7.png", "overall": 82, "dri": 74, "phy": 79, "pac": 73, "nationality": "Netherlands", "def": 67, "sho": 80}, {"pas": 76, "name": "G. Wijnaldum", "club": "Liverpool", "photo": "https://cdn.sofifa.org/18/players/181291.png", "age": 26, "club_logo": "https://cdn.sofifa.org/18/teams/9.png", "overall": 82, "dri": 84, "phy": 74, "pac": 81, "nationality": "Netherlands", "def": 66, "sho": 75}, {"pas": 74, "name": "J. Cillessen", "club": "FC Barcelona", "photo": "https://cdn.sofifa.org/18/players/199987.png", "age": 28, "club_logo": "https://cdn.sofifa.org/18/teams/241.png", "overall": 81, "dri": 77, "phy": 81, "pac": 79, "nationality": "Netherlands", "def": 52, "sho": 83}], "England": [{"pas": 72, "name": "H. Kane", "club": "Tottenham Hotspur", "photo": "https://cdn.sofifa.org/18/players/202126.png", "age": 23, "club_logo": "https://cdn.sofifa.org/18/teams/18.png", "overall": 86, "dri": 78, "phy": 83, "pac": 73, "nationality": "England", "def": 42, "sho": 87}, {"pas": 52, "name": "G. Cahill", "club": "Chelsea", "photo": "https://cdn.sofifa.org/18/players/164468.png", "age": 31, "club_logo": "https://cdn.sofifa.org/18/teams/5.png", "overall": 84, "dri": 61, "phy": 78, "pac": 63, "nationality": "England", "def": 84, "sho": 58}, {"pas": 77, "name": "D. Alli", "club": "Tottenham Hotspur", "photo": "https://cdn.sofifa.org/18/players/211117.png", "age": 21, "club_logo": "https://cdn.sofifa.org/18/teams/18.png", "overall": 84, "dri": 82, "phy": 78, "pac": 76, "nationality": "England", "def": 64, "sho": 81}, {"pas": 73, "name": "K. Walker", "club": "Manchester City", "photo": "https://cdn.sofifa.org/18/players/188377.png", "age": 27, "club_logo": "https://cdn.sofifa.org/18/teams/10.png", "overall": 83, "dri": 76, "phy": 81, "pac": 90, "nationality": "England", "def": 80, "sho": 63}, {"pas": 80, "name": "A. Lallana", "club": "Liverpool", "photo": "https://cdn.sofifa.org/18/players/180819.png", "age": 29, "club_logo": "https://cdn.sofifa.org/18/teams/9.png", "overall": 83, "dri": 84, "phy": 74, "pac": 73, "nationality": "England", "def": 65, "sho": 75}, {"pas": 69, "name": "D. Sturridge", "club": "Liverpool", "photo": "https://cdn.sofifa.org/18/players/171833.png", "age": 27, "club_logo": "https://cdn.sofifa.org/18/teams/9.png", "overall": 82, "dri": 79, "phy": 68, "pac": 76, "nationality": "England", "def": 25, "sho": 82}, {"pas": 75, "name": "J. Hart", "club": "West Ham United", "photo": "https://cdn.sofifa.org/18/players/150724.png", "age": 30, "club_logo": "https://cdn.sofifa.org/18/teams/19.png", "overall": 82, "dri": 83, "phy": 80, "pac": 81, "nationality": "England", "def": 60, "sho": 78}, {"pas": 80, "name": "L. Baines", "club": "Everton", "photo": "https://cdn.sofifa.org/18/players/163631.png", "age": 32, "club_logo": "https://cdn.sofifa.org/18/teams/7.png", "overall": 82, "dri": 79, "phy": 71, "pac": 70, "nationality": "England", "def": 80, "sho": 71}, {"pas": 73, "name": "D. Rose", "club": "Tottenham Hotspur", "photo": "https://cdn.sofifa.org/18/players/169595.png", "age": 26, "club_logo": "https://cdn.sofifa.org/18/teams/18.png", "overall": 82, "dri": 78, "phy": 78, "pac": 81, "nationality": "England", "def": 81, "sho": 63}, {"pas": 83, "name": "J. Henderson", "club": "Liverpool", "photo": "https://cdn.sofifa.org/18/players/183711.png", "age": 27, "club_logo": "https://cdn.sofifa.org/18/teams/9.png", "overall": 82, "dri": 76, "phy": 81, "pac": 72, "nationality": "England", "def": 76, "sho": 70}], "Chile": [{"pas": 80, "name": "A. S\u00e1nchez", "club": "Arsenal", "photo": "https://cdn.sofifa.org/18/players/184941.png", "age": 28, "club_logo": "https://cdn.sofifa.org/18/teams/1.png", "overall": 89, "dri": 89, "phy": 78, "pac": 86, "nationality": "Chile", "def": 40, "sho": 84}, {"pas": 80, "name": "A. Vidal", "club": "FC Bayern Munich", "photo": "https://cdn.sofifa.org/18/players/181872.png", "age": 30, "club_logo": "https://cdn.sofifa.org/18/teams/21.png", "overall": 87, "dri": 79, "phy": 84, "pac": 75, "nationality": "Chile", "def": 83, "sho": 81}, {"pas": 68, "name": "G. Medel", "club": "Be\u015fikta\u015f JK", "photo": "https://cdn.sofifa.org/18/players/193532.png", "age": 29, "club_logo": "https://cdn.sofifa.org/18/teams/327.png", "overall": 82, "dri": 70, "phy": 81, "pac": 74, "nationality": "Chile", "def": 81, "sho": 48}, {"pas": 87, "name": "C. Bravo", "club": "Manchester City", "photo": "https://cdn.sofifa.org/18/players/174543.png", "age": 34, "club_logo": "https://cdn.sofifa.org/18/teams/10.png", "overall": 82, "dri": 81, "phy": 77, "pac": 80, "nationality": "Chile", "def": 56, "sho": 80}, {"pas": 75, "name": "P. Hern\u00e1ndez", "club": "RC Celta de Vigo", "photo": "https://cdn.sofifa.org/18/players/199827.png", "age": 30, "club_logo": "https://cdn.sofifa.org/18/teams/450.png", "overall": 80, "dri": 78, "phy": 79, "pac": 71, "nationality": "Chile", "def": 64, "sho": 71}, {"pas": 76, "name": "F. Orellana", "club": "Valencia CF", "photo": "https://cdn.sofifa.org/18/players/192492.png", "age": 31, "club_logo": "https://cdn.sofifa.org/18/teams/461.png", "overall": 80, "dri": 83, "phy": 50, "pac": 80, "nationality": "Chile", "def": 32, "sho": 73}, {"pas": 80, "name": "C. Ar\u00e1nguiz", "club": "Bayer 04 Leverkusen", "photo": "https://cdn.sofifa.org/18/players/199042.png", "age": 28, "club_logo": "https://cdn.sofifa.org/18/teams/32.png", "overall": 78, "dri": 77, "phy": 70, "pac": 75, "nationality": "Chile", "def": 61, "sho": 71}, {"pas": 78, "name": "M. D\u00edaz", "club": "U.N.A.M.", "photo": "https://cdn.sofifa.org/18/players/176930.png", "age": 30, "club_logo": "https://cdn.sofifa.org/18/teams/1881.png", "overall": 78, "dri": 76, "phy": 74, "pac": 61, "nationality": "Chile", "def": 74, "sho": 66}, {"pas": 78, "name": "M. Fern\u00e1ndez", "club": "Necaxa", "photo": "https://cdn.sofifa.org/18/players/174549.png", "age": 31, "club_logo": "https://cdn.sofifa.org/18/teams/101121.png", "overall": 78, "dri": 82, "phy": 59, "pac": 75, "nationality": "Chile", "def": 56, "sho": 70}, {"pas": 74, "name": "C. Candero", "club": "Universidad de Chile", "photo": "https://cdn.sofifa.org/18/players/159906.png", "age": 29, "club_logo": "https://cdn.sofifa.org/18/teams/15029.png", "overall": 77, "dri": 76, "phy": 76, "pac": 77, "nationality": "Chile", "def": 42, "sho": 75}], "Portugal": [{"pas": 82, "name": "Cristiano Ronaldo", "club": "Real Madrid CF", "photo": "https://cdn.sofifa.org/18/players/20801.png", "age": 32, "club_logo": "https://cdn.sofifa.org/18/teams/243.png", "overall": 94, "dri": 90, "phy": 80, "pac": 90, "nationality": "Portugal", "def": 33, "sho": 93}, {"pas": 57, "name": "Pepe", "club": "Be\u015fikta\u015f JK", "photo": "https://cdn.sofifa.org/18/players/120533.png", "age": 34, "club_logo": "https://cdn.sofifa.org/18/teams/327.png", "overall": 86, "dri": 61, "phy": 80, "pac": 68, "nationality": "Portugal", "def": 86, "sho": 51}, {"pas": 81, "name": "Bernardo Silva", "club": "Manchester City", "photo": "https://cdn.sofifa.org/18/players/218667.png", "age": 22, "club_logo": "https://cdn.sofifa.org/18/teams/10.png", "overall": 84, "dri": 90, "phy": 61, "pac": 81, "nationality": "Portugal", "def": 45, "sho": 72}, {"pas": 80, "name": "Jo\u00e3o M\u00e1rio", "club": "Inter", "photo": "https://cdn.sofifa.org/18/players/212814.png", "age": 24, "club_logo": "https://cdn.sofifa.org/18/teams/44.png", "overall": 83, "dri": 83, "phy": 71, "pac": 73, "nationality": "Portugal", "def": 70, "sho": 70}, {"pas": 77, "name": "William Carvalho", "club": "Sporting CP", "photo": "https://cdn.sofifa.org/18/players/207566.png", "age": 25, "club_logo": "https://cdn.sofifa.org/18/teams/237.png", "overall": 83, "dri": 74, "phy": 83, "pac": 53, "nationality": "Portugal", "def": 80, "sho": 57}, {"pas": 69, "name": "Danilo Pereira", "club": "FC Porto", "photo": "https://cdn.sofifa.org/18/players/200888.png", "age": 25, "club_logo": "https://cdn.sofifa.org/18/teams/236.png", "overall": 83, "dri": 74, "phy": 87, "pac": 68, "nationality": "Portugal", "def": 82, "sho": 62}, {"pas": 73, "name": "A. Lopes", "club": "Olympique Lyonnais", "photo": "https://cdn.sofifa.org/18/players/199482.png", "age": 26, "club_logo": "https://cdn.sofifa.org/18/teams/66.png", "overall": 83, "dri": 85, "phy": 79, "pac": 86, "nationality": "Portugal", "def": 62, "sho": 79}, {"pas": 82, "name": "Adrien Silva", "club": "Unknown", "photo": "https://cdn.sofifa.org/18/players/184826.png", "age": 28, "club_logo": "Unknown", "overall": 83, "dri": 81, "phy": 72, "pac": 65, "nationality": "Portugal", "def": 78, "sho": 76}, {"pas": 80, "name": "Rui Patr\u00edcio", "club": "Sporting CP", "photo": "https://cdn.sofifa.org/18/players/178005.png", "age": 29, "club_logo": "https://cdn.sofifa.org/18/teams/237.png", "overall": 83, "dri": 82, "phy": 79, "pac": 85, "nationality": "Portugal", "def": 55, "sho": 81}, {"pas": 81, "name": "Nani", "club": "Lazio", "photo": "https://cdn.sofifa.org/18/players/139068.png", "age": 30, "club_logo": "https://cdn.sofifa.org/18/teams/46.png", "overall": 83, "dri": 86, "phy": 64, "pac": 81, "nationality": "Portugal", "def": 24, "sho": 79}], "Mexico": [{"pas": 66, "name": "J. Hern\u00e1ndez", "club": "West Ham United", "photo": "https://cdn.sofifa.org/18/players/178224.png", "age": 29, "club_logo": "https://cdn.sofifa.org/18/teams/19.png", "overall": 82, "dri": 78, "phy": 59, "pac": 79, "nationality": "Mexico", "def": 31, "sho": 80}, {"pas": 77, "name": "C. Vela", "club": "Real Sociedad", "photo": "https://cdn.sofifa.org/18/players/169416.png", "age": 28, "club_logo": "https://cdn.sofifa.org/18/teams/457.png", "overall": 82, "dri": 82, "phy": 66, "pac": 84, "nationality": "Mexico", "def": 25, "sho": 79}, {"pas": 74, "name": "J. Corona", "club": "FC Porto", "photo": "https://cdn.sofifa.org/18/players/193165.png", "age": 24, "club_logo": "https://cdn.sofifa.org/18/teams/236.png", "overall": 81, "dri": 88, "phy": 51, "pac": 83, "nationality": "Mexico", "def": 40, "sho": 72}, {"pas": 80, "name": "A. Guardado", "club": "Real Betis Balompi\u00e9", "photo": "https://cdn.sofifa.org/18/players/171897.png", "age": 30, "club_logo": "https://cdn.sofifa.org/18/teams/449.png", "overall": 81, "dri": 82, "phy": 68, "pac": 76, "nationality": "Mexico", "def": 66, "sho": 64}, {"pas": 65, "name": "H. Moreno", "club": "Roma", "photo": "https://cdn.sofifa.org/18/players/173432.png", "age": 29, "club_logo": "https://cdn.sofifa.org/18/teams/52.png", "overall": 80, "dri": 62, "phy": 75, "pac": 66, "nationality": "Mexico", "def": 81, "sho": 49}, {"pas": 82, "name": "J. dos Santos", "club": "LA Galaxy", "photo": "https://cdn.sofifa.org/18/players/170370.png", "age": 27, "club_logo": "https://cdn.sofifa.org/18/teams/697.png", "overall": 80, "dri": 81, "phy": 67, "pac": 66, "nationality": "Mexico", "def": 59, "sho": 68}, {"pas": 77, "name": "M. Fabi\u00e1n", "club": "Eintracht Frankfurt", "photo": "https://cdn.sofifa.org/18/players/186307.png", "age": 27, "club_logo": "https://cdn.sofifa.org/18/teams/1824.png", "overall": 79, "dri": 82, "phy": 68, "pac": 72, "nationality": "Mexico", "def": 36, "sho": 78}, {"pas": 71, "name": "H. Herrera", "club": "FC Porto", "photo": "https://cdn.sofifa.org/18/players/156519.png", "age": 27, "club_logo": "https://cdn.sofifa.org/18/teams/236.png", "overall": 79, "dri": 74, "phy": 79, "pac": 74, "nationality": "Mexico", "def": 73, "sho": 70}, {"pas": 78, "name": "G. Ochoa", "club": "Standard de Li\u00e8ge", "photo": "https://cdn.sofifa.org/18/players/140233.png", "age": 31, "club_logo": "https://cdn.sofifa.org/18/teams/232.png", "overall": 79, "dri": 87, "phy": 78, "pac": 76, "nationality": "Mexico", "def": 49, "sho": 69}, {"pas": 71, "name": "H. Lozano", "club": "PSV", "photo": "https://cdn.sofifa.org/18/players/221992.png", "age": 21, "club_logo": "https://cdn.sofifa.org/18/teams/247.png", "overall": 78, "dri": 81, "phy": 61, "pac": 93, "nationality": "Mexico", "def": 34, "sho": 72}], "Denmark": [{"pas": 88, "name": "C. Eriksen", "club": "Tottenham Hotspur", "photo": "https://cdn.sofifa.org/18/players/190460.png", "age": 25, "club_logo": "https://cdn.sofifa.org/18/teams/18.png", "overall": 87, "dri": 84, "phy": 63, "pac": 75, "nationality": "Denmark", "def": 47, "sho": 78}, {"pas": 82, "name": "K. Schmeichel", "club": "Leicester City", "photo": "https://cdn.sofifa.org/18/players/163587.png", "age": 30, "club_logo": "https://cdn.sofifa.org/18/teams/95.png", "overall": 83, "dri": 86, "phy": 80, "pac": 83, "nationality": "Denmark", "def": 61, "sho": 82}, {"pas": 62, "name": "A. Christensen", "club": "Chelsea", "photo": "https://cdn.sofifa.org/18/players/213661.png", "age": 21, "club_logo": "https://cdn.sofifa.org/18/teams/5.png", "overall": 81, "dri": 69, "phy": 72, "pac": 72, "nationality": "Denmark", "def": 84, "sho": 31}, {"pas": 64, "name": "S. Kj\u00e6r", "club": "Sevilla FC", "photo": "https://cdn.sofifa.org/18/players/179645.png", "age": 28, "club_logo": "https://cdn.sofifa.org/18/teams/481.png", "overall": 81, "dri": 53, "phy": 81, "pac": 64, "nationality": "Denmark", "def": 81, "sho": 55}, {"pas": 80, "name": "D. Wass", "club": "RC Celta de Vigo", "photo": "https://cdn.sofifa.org/18/players/172522.png", "age": 28, "club_logo": "https://cdn.sofifa.org/18/teams/450.png", "overall": 80, "dri": 79, "phy": 71, "pac": 75, "nationality": "Denmark", "def": 66, "sho": 73}, {"pas": 71, "name": "N. J\u00f8rgensen", "club": "Feyenoord", "photo": "https://cdn.sofifa.org/18/players/199852.png", "age": 26, "club_logo": "https://cdn.sofifa.org/18/teams/246.png", "overall": 79, "dri": 76, "phy": 77, "pac": 77, "nationality": "Denmark", "def": 37, "sho": 78}, {"pas": 82, "name": "M. Krohn-Dehli", "club": "Sevilla FC", "photo": "https://cdn.sofifa.org/18/players/159240.png", "age": 34, "club_logo": "https://cdn.sofifa.org/18/teams/481.png", "overall": 79, "dri": 78, "phy": 66, "pac": 67, "nationality": "Denmark", "def": 64, "sho": 75}, {"pas": 61, "name": "K. Dolberg", "club": "Ajax", "photo": "https://cdn.sofifa.org/18/players/228687.png", "age": 19, "club_logo": "https://cdn.sofifa.org/18/teams/245.png", "overall": 78, "dri": 77, "phy": 69, "pac": 76, "nationality": "Denmark", "def": 26, "sho": 79}, {"pas": 59, "name": "J. Vestergaard", "club": "Borussia M\u00f6nchengladbach", "photo": "https://cdn.sofifa.org/18/players/202849.png", "age": 24, "club_logo": "https://cdn.sofifa.org/18/teams/23.png", "overall": 78, "dri": 49, "phy": 81, "pac": 46, "nationality": "Denmark", "def": 79, "sho": 49}, {"pas": 75, "name": "T. Delaney", "club": "SV Werder Bremen", "photo": "https://cdn.sofifa.org/18/players/193283.png", "age": 25, "club_logo": "https://cdn.sofifa.org/18/teams/38.png", "overall": 78, "dri": 74, "phy": 81, "pac": 73, "nationality": "Denmark", "def": 74, "sho": 72}], "Poland": [{"pas": 75, "name": "R. Lewandowski", "club": "FC Bayern Munich", "photo": "https://cdn.sofifa.org/18/players/188545.png", "age": 28, "club_logo": "https://cdn.sofifa.org/18/teams/21.png", "overall": 91, "dri": 86, "phy": 82, "pac": 81, "nationality": "Poland", "def": 38, "sho": 88}, {"pas": 44, "name": "K. Glik", "club": "AS Monaco", "photo": "https://cdn.sofifa.org/18/players/190547.png", "age": 29, "club_logo": "https://cdn.sofifa.org/18/teams/69.png", "overall": 85, "dri": 53, "phy": 84, "pac": 56, "nationality": "Poland", "def": 86, "sho": 32}, {"pas": 76, "name": "L. Piszczek", "club": "Borussia Dortmund", "photo": "https://cdn.sofifa.org/18/players/173771.png", "age": 32, "club_logo": "https://cdn.sofifa.org/18/teams/22.png", "overall": 83, "dri": 74, "phy": 80, "pac": 79, "nationality": "Poland", "def": 81, "sho": 69}, {"pas": 74, "name": "W. Szcz\u0119sny", "club": "Juventus", "photo": "https://cdn.sofifa.org/18/players/186153.png", "age": 27, "club_logo": "https://cdn.sofifa.org/18/teams/45.png", "overall": 82, "dri": 87, "phy": 78, "pac": 83, "nationality": "Poland", "def": 49, "sho": 77}, {"pas": 72, "name": "G. Krychowiak", "club": "West Bromwich Albion", "photo": "https://cdn.sofifa.org/18/players/197242.png", "age": 27, "club_logo": "https://cdn.sofifa.org/18/teams/109.png", "overall": 81, "dri": 66, "phy": 86, "pac": 65, "nationality": "Poland", "def": 79, "sho": 58}, {"pas": 79, "name": "P. Zieli\u0144ski", "club": "Napoli", "photo": "https://cdn.sofifa.org/18/players/210406.png", "age": 23, "club_logo": "https://cdn.sofifa.org/18/teams/48.png", "overall": 80, "dri": 83, "phy": 60, "pac": 83, "nationality": "Poland", "def": 62, "sho": 69}, {"pas": 70, "name": "L. Fabia\u0144ski", "club": "Swansea City", "photo": "https://cdn.sofifa.org/18/players/164835.png", "age": 32, "club_logo": "https://cdn.sofifa.org/18/teams/1960.png", "overall": 80, "dri": 84, "phy": 78, "pac": 77, "nationality": "Poland", "def": 48, "sho": 84}, {"pas": 62, "name": "A. Milik", "club": "Napoli", "photo": "https://cdn.sofifa.org/18/players/205175.png", "age": 23, "club_logo": "https://cdn.sofifa.org/18/teams/48.png", "overall": 79, "dri": 72, "phy": 71, "pac": 73, "nationality": "Poland", "def": 37, "sho": 83}, {"pas": 63, "name": "L. Teodorczyk", "club": "RSC Anderlecht", "photo": "https://cdn.sofifa.org/18/players/201013.png", "age": 26, "club_logo": "https://cdn.sofifa.org/18/teams/229.png", "overall": 78, "dri": 68, "phy": 80, "pac": 70, "nationality": "Poland", "def": 26, "sho": 77}, {"pas": 62, "name": "A. Boruc", "club": "Bournemouth", "photo": "https://cdn.sofifa.org/18/players/105846.png", "age": 37, "club_logo": "https://cdn.sofifa.org/18/teams/1943.png", "overall": 77, "dri": 82, "phy": 77, "pac": 77, "nationality": "Poland", "def": 38, "sho": 73}], "Korea Republic": [{"pas": 75, "name": "H. Son", "club": "Tottenham Hotspur", "photo": "https://cdn.sofifa.org/18/players/200104.png", "age": 24, "club_logo": "https://cdn.sofifa.org/18/teams/18.png", "overall": 82, "dri": 83, "phy": 66, "pac": 86, "nationality": "Korea Republic", "def": 25, "sho": 83}, {"pas": 81, "name": "Ki Sung Yueng", "club": "Swansea City", "photo": "https://cdn.sofifa.org/18/players/180283.png", "age": 28, "club_logo": "https://cdn.sofifa.org/18/teams/1960.png", "overall": 78, "dri": 75, "phy": 70, "pac": 65, "nationality": "Korea Republic", "def": 63, "sho": 74}, {"pas": 73, "name": "Koo Ja Cheol", "club": "FC Augsburg", "photo": "https://cdn.sofifa.org/18/players/182152.png", "age": 28, "club_logo": "https://cdn.sofifa.org/18/teams/100409.png", "overall": 76, "dri": 79, "phy": 65, "pac": 73, "nationality": "Korea Republic", "def": 56, "sho": 76}, {"pas": 69, "name": "Hong Chul", "club": "Sangju Sangmu FC", "photo": "https://cdn.sofifa.org/18/players/199236.png", "age": 26, "club_logo": "https://cdn.sofifa.org/18/teams/2055.png", "overall": 74, "dri": 70, "phy": 75, "pac": 91, "nationality": "Korea Republic", "def": 67, "sho": 47}, {"pas": 66, "name": "Kim Jin Su", "club": "Jeonbuk Hyundai Motors", "photo": "https://cdn.sofifa.org/18/players/213317.png", "age": 25, "club_logo": "https://cdn.sofifa.org/18/teams/1477.png", "overall": 74, "dri": 70, "phy": 68, "pac": 77, "nationality": "Korea Republic", "def": 71, "sho": 30}, {"pas": 58, "name": "Suk Hyun Jun", "club": "ES Troyes AC", "photo": "https://cdn.sofifa.org/18/players/195912.png", "age": 26, "club_logo": "https://cdn.sofifa.org/18/teams/294.png", "overall": 74, "dri": 72, "phy": 79, "pac": 64, "nationality": "Korea Republic", "def": 34, "sho": 74}, {"pas": 62, "name": "Kim Shin Wook", "club": "Jeonbuk Hyundai Motors", "photo": "https://cdn.sofifa.org/18/players/191910.png", "age": 29, "club_logo": "https://cdn.sofifa.org/18/teams/1477.png", "overall": 74, "dri": 65, "phy": 82, "pac": 51, "nationality": "Korea Republic", "def": 46, "sho": 75}, {"pas": 65, "name": "Kim Seung Joon", "club": "Ulsan Hyundai Horang-i", "photo": "https://cdn.sofifa.org/18/players/227789.png", "age": 22, "club_logo": "https://cdn.sofifa.org/18/teams/1473.png", "overall": 74, "dri": 75, "phy": 66, "pac": 82, "nationality": "Korea Republic", "def": 26, "sho": 68}, {"pas": 77, "name": "Yeom Ki Hun", "club": "Suwon Samsung Bluewings", "photo": "https://cdn.sofifa.org/18/players/176348.png", "age": 34, "club_logo": "https://cdn.sofifa.org/18/teams/983.png", "overall": 74, "dri": 72, "phy": 72, "pac": 69, "nationality": "Korea Republic", "def": 36, "sho": 71}, {"pas": 73, "name": "Lee Jae Sung", "club": "Jeonbuk Hyundai Motors", "photo": "https://cdn.sofifa.org/18/players/221671.png", "age": 24, "club_logo": "https://cdn.sofifa.org/18/teams/1477.png", "overall": 74, "dri": 72, "phy": 70, "pac": 68, "nationality": "Korea Republic", "def": 57, "sho": 64}], "Republic of Ireland": [{"pas": 72, "name": "S. Coleman", "club": "Everton", "photo": "https://cdn.sofifa.org/18/players/180216.png", "age": 28, "club_logo": "https://cdn.sofifa.org/18/teams/7.png", "overall": 81, "dri": 78, "phy": 77, "pac": 73, "nationality": "Republic of Ireland", "def": 80, "sho": 66}, {"pas": 75, "name": "J. McCarthy", "club": "Everton", "photo": "https://cdn.sofifa.org/18/players/188253.png", "age": 26, "club_logo": "https://cdn.sofifa.org/18/teams/7.png", "overall": 80, "dri": 74, "phy": 81, "pac": 70, "nationality": "Republic of Ireland", "def": 77, "sho": 60}, {"pas": 77, "name": "W. Hoolahan", "club": "Norwich City", "photo": "https://cdn.sofifa.org/18/players/149791.png", "age": 35, "club_logo": "https://cdn.sofifa.org/18/teams/1792.png", "overall": 77, "dri": 81, "phy": 51, "pac": 62, "nationality": "Republic of Ireland", "def": 40, "sho": 69}, {"pas": 74, "name": "H. Arter", "club": "Bournemouth", "photo": "https://cdn.sofifa.org/18/players/184469.png", "age": 27, "club_logo": "https://cdn.sofifa.org/18/teams/1943.png", "overall": 77, "dri": 74, "phy": 77, "pac": 67, "nationality": "Republic of Ireland", "def": 67, "sho": 72}, {"pas": 60, "name": "S. Long", "club": "Southampton", "photo": "https://cdn.sofifa.org/18/players/169216.png", "age": 30, "club_logo": "https://cdn.sofifa.org/18/teams/17.png", "overall": 76, "dri": 74, "phy": 80, "pac": 83, "nationality": "Republic of Ireland", "def": 37, "sho": 72}, {"pas": 55, "name": "C. Clark", "club": "Newcastle United", "photo": "https://cdn.sofifa.org/18/players/183129.png", "age": 27, "club_logo": "https://cdn.sofifa.org/18/teams/13.png", "overall": 76, "dri": 57, "phy": 76, "pac": 62, "nationality": "Republic of Ireland", "def": 77, "sho": 52}, {"pas": 75, "name": "R. Brady", "club": "Burnley", "photo": "https://cdn.sofifa.org/18/players/201884.png", "age": 25, "club_logo": "https://cdn.sofifa.org/18/teams/1796.png", "overall": 76, "dri": 76, "phy": 69, "pac": 81, "nationality": "Republic of Ireland", "def": 65, "sho": 71}, {"pas": 74, "name": "J. Hendrick", "club": "Burnley", "photo": "https://cdn.sofifa.org/18/players/200478.png", "age": 25, "club_logo": "https://cdn.sofifa.org/18/teams/1796.png", "overall": 75, "dri": 75, "phy": 78, "pac": 72, "nationality": "Republic of Ireland", "def": 70, "sho": 68}, {"pas": 70, "name": "K. Westwood", "club": "Sheffield Wednesday", "photo": "https://cdn.sofifa.org/18/players/172939.png", "age": 32, "club_logo": "https://cdn.sofifa.org/18/teams/1807.png", "overall": 75, "dri": 77, "phy": 75, "pac": 77, "nationality": "Republic of Ireland", "def": 47, "sho": 71}, {"pas": 70, "name": "J. Walters", "club": "Burnley", "photo": "https://cdn.sofifa.org/18/players/138436.png", "age": 33, "club_logo": "https://cdn.sofifa.org/18/teams/1796.png", "overall": 75, "dri": 72, "phy": 82, "pac": 63, "nationality": "Republic of Ireland", "def": 59, "sho": 73}], "France": [{"pas": 78, "name": "A. Griezmann", "club": "Atl\u00e9tico Madrid", "photo": "https://cdn.sofifa.org/18/players/194765.png", "age": 26, "club_logo": "https://cdn.sofifa.org/18/teams/240.png", "overall": 88, "dri": 87, "phy": 68, "pac": 86, "nationality": "France", "def": 30, "sho": 85}, {"pas": 68, "name": "H. Lloris", "club": "Tottenham Hotspur", "photo": "https://cdn.sofifa.org/18/players/167948.png", "age": 30, "club_logo": "https://cdn.sofifa.org/18/teams/18.png", "overall": 88, "dri": 90, "phy": 82, "pac": 88, "nationality": "France", "def": 64, "sho": 86}, {"pas": 75, "name": "N. Kant\u00e9", "club": "Chelsea", "photo": "https://cdn.sofifa.org/18/players/215914.png", "age": 26, "club_logo": "https://cdn.sofifa.org/18/teams/5.png", "overall": 87, "dri": 79, "phy": 84, "pac": 81, "nationality": "France", "def": 81, "sho": 66}, {"pas": 84, "name": "P. Pogba", "club": "Manchester United", "photo": "https://cdn.sofifa.org/18/players/195864.png", "age": 24, "club_logo": "https://cdn.sofifa.org/18/teams/11.png", "overall": 87, "dri": 85, "phy": 88, "pac": 74, "nationality": "France", "def": 68, "sho": 79}, {"pas": 78, "name": "K. Benzema", "club": "Real Madrid CF", "photo": "https://cdn.sofifa.org/18/players/165153.png", "age": 29, "club_logo": "https://cdn.sofifa.org/18/teams/243.png", "overall": 86, "dri": 82, "phy": 74, "pac": 78, "nationality": "France", "def": 22, "sho": 82}, {"pas": 83, "name": "F. Rib\u00e9ry", "club": "FC Bayern Munich", "photo": "https://cdn.sofifa.org/18/players/156616.png", "age": 34, "club_logo": "https://cdn.sofifa.org/18/teams/21.png", "overall": 86, "dri": 90, "phy": 58, "pac": 82, "nationality": "France", "def": 25, "sho": 76}, {"pas": 61, "name": "R. Varane", "club": "Real Madrid CF", "photo": "https://cdn.sofifa.org/18/players/201535.png", "age": 24, "club_logo": "https://cdn.sofifa.org/18/teams/243.png", "overall": 85, "dri": 64, "phy": 79, "pac": 83, "nationality": "France", "def": 84, "sho": 45}, {"pas": 71, "name": "A. Lacazette", "club": "Arsenal", "photo": "https://cdn.sofifa.org/18/players/193301.png", "age": 26, "club_logo": "https://cdn.sofifa.org/18/teams/1.png", "overall": 85, "dri": 85, "phy": 77, "pac": 86, "nationality": "France", "def": 38, "sho": 83}, {"pas": 77, "name": "B. Matuidi", "club": "Juventus", "photo": "https://cdn.sofifa.org/18/players/170890.png", "age": 30, "club_logo": "https://cdn.sofifa.org/18/teams/45.png", "overall": 85, "dri": 75, "phy": 84, "pac": 78, "nationality": "France", "def": 83, "sho": 67}, {"pas": 77, "name": "S. Ruffier", "club": "AS Saint-\u00c9tienne", "photo": "https://cdn.sofifa.org/18/players/167628.png", "age": 30, "club_logo": "https://cdn.sofifa.org/18/teams/1819.png", "overall": 85, "dri": 87, "phy": 85, "pac": 82, "nationality": "France", "def": 48, "sho": 84}], "United States": [{"pas": 57, "name": "J. Brooks", "club": "VfL Wolfsburg", "photo": "https://cdn.sofifa.org/18/players/204082.png", "age": 24, "club_logo": "https://cdn.sofifa.org/18/teams/175.png", "overall": 80, "dri": 63, "phy": 77, "pac": 74, "nationality": "United States", "def": 81, "sho": 39}, {"pas": 76, "name": "F. Johnson", "club": "Borussia M\u00f6nchengladbach", "photo": "https://cdn.sofifa.org/18/players/177159.png", "age": 29, "club_logo": "https://cdn.sofifa.org/18/teams/23.png", "overall": 79, "dri": 78, "phy": 70, "pac": 87, "nationality": "United States", "def": 70, "sho": 67}, {"pas": 70, "name": "C. Pulisic", "club": "Borussia Dortmund", "photo": "https://cdn.sofifa.org/18/players/227796.png", "age": 18, "club_logo": "https://cdn.sofifa.org/18/teams/22.png", "overall": 78, "dri": 84, "phy": 56, "pac": 91, "nationality": "United States", "def": 33, "sho": 68}, {"pas": 78, "name": "M. Bradley", "club": "Toronto FC", "photo": "https://cdn.sofifa.org/18/players/155887.png", "age": 29, "club_logo": "https://cdn.sofifa.org/18/teams/111651.png", "overall": 78, "dri": 76, "phy": 81, "pac": 68, "nationality": "United States", "def": 71, "sho": 68}, {"pas": 71, "name": "C. Dempsey", "club": "Seattle Sounders FC", "photo": "https://cdn.sofifa.org/18/players/155897.png", "age": 34, "club_logo": "https://cdn.sofifa.org/18/teams/111144.png", "overall": 78, "dri": 77, "phy": 71, "pac": 65, "nationality": "United States", "def": 37, "sho": 78}, {"pas": 72, "name": "T. Howard", "club": "Colorado Rapids", "photo": "https://cdn.sofifa.org/18/players/16254.png", "age": 38, "club_logo": "https://cdn.sofifa.org/18/teams/694.png", "overall": 77, "dri": 78, "phy": 76, "pac": 76, "nationality": "United States", "def": 44, "sho": 74}, {"pas": 67, "name": "G. Cameron", "club": "Stoke City", "photo": "https://cdn.sofifa.org/18/players/186672.png", "age": 31, "club_logo": "https://cdn.sofifa.org/18/teams/1806.png", "overall": 76, "dri": 68, "phy": 77, "pac": 63, "nationality": "United States", "def": 78, "sho": 56}, {"pas": 69, "name": "T. Chandler", "club": "Eintracht Frankfurt", "photo": "https://cdn.sofifa.org/18/players/202316.png", "age": 27, "club_logo": "https://cdn.sofifa.org/18/teams/1824.png", "overall": 76, "dri": 69, "phy": 81, "pac": 77, "nationality": "United States", "def": 74, "sho": 60}, {"pas": 69, "name": "B. Hamid", "club": "D.C. United", "photo": "https://cdn.sofifa.org/18/players/194904.png", "age": 26, "club_logo": "https://cdn.sofifa.org/18/teams/688.png", "overall": 76, "dri": 77, "phy": 75, "pac": 75, "nationality": "United States", "def": 41, "sho": 74}, {"pas": 69, "name": "D. Nagbe", "club": "Portland Timbers", "photo": "https://cdn.sofifa.org/18/players/202078.png", "age": 26, "club_logo": "https://cdn.sofifa.org/18/teams/111140.png", "overall": 76, "dri": 80, "phy": 69, "pac": 87, "nationality": "United States", "def": 45, "sho": 68}], "Sweden": [{"pas": 81, "name": "Z. Ibrahimovi\u0107", "club": "Manchester United", "photo": "https://cdn.sofifa.org/18/players/41236.png", "age": 35, "club_logo": "https://cdn.sofifa.org/18/teams/11.png", "overall": 88, "dri": 82, "phy": 82, "pac": 65, "nationality": "Sweden", "def": 32, "sho": 88}, {"pas": 83, "name": "E. Forsberg", "club": "RB Leipzig", "photo": "https://cdn.sofifa.org/18/players/208448.png", "age": 25, "club_logo": "https://cdn.sofifa.org/18/teams/112172.png", "overall": 83, "dri": 83, "phy": 66, "pac": 75, "nationality": "Sweden", "def": 30, "sho": 74}, {"pas": 63, "name": "M. Berg", "club": "Unknown", "photo": "https://cdn.sofifa.org/18/players/176733.png", "age": 30, "club_logo": "Unknown", "overall": 80, "dri": 74, "phy": 71, "pac": 75, "nationality": "Sweden", "def": 29, "sho": 79}, {"pas": 59, "name": "A. Granqvist", "club": "FC Krasnodar", "photo": "https://cdn.sofifa.org/18/players/156713.png", "age": 32, "club_logo": "https://cdn.sofifa.org/18/teams/112218.png", "overall": 80, "dri": 55, "phy": 78, "pac": 48, "nationality": "Sweden", "def": 82, "sho": 58}, {"pas": 62, "name": "V. Lindel\u00f6f", "club": "Manchester United", "photo": "https://cdn.sofifa.org/18/players/221660.png", "age": 22, "club_logo": "https://cdn.sofifa.org/18/teams/11.png", "overall": 79, "dri": 61, "phy": 79, "pac": 70, "nationality": "Sweden", "def": 79, "sho": 48}, {"pas": 65, "name": "J. Guidetti", "club": "RC Celta de Vigo", "photo": "https://cdn.sofifa.org/18/players/199602.png", "age": 25, "club_logo": "https://cdn.sofifa.org/18/teams/450.png", "overall": 79, "dri": 76, "phy": 75, "pac": 67, "nationality": "Sweden", "def": 30, "sho": 81}, {"pas": 67, "name": "P. Wernbloom", "club": "CSKA Moscow", "photo": "https://cdn.sofifa.org/18/players/176731.png", "age": 31, "club_logo": "https://cdn.sofifa.org/18/teams/315.png", "overall": 79, "dri": 67, "phy": 85, "pac": 56, "nationality": "Sweden", "def": 80, "sho": 67}, {"pas": 76, "name": "O. Wendt", "club": "Borussia M\u00f6nchengladbach", "photo": "https://cdn.sofifa.org/18/players/144429.png", "age": 31, "club_logo": "https://cdn.sofifa.org/18/teams/23.png", "overall": 77, "dri": 74, "phy": 70, "pac": 78, "nationality": "Sweden", "def": 74, "sho": 63}, {"pas": 82, "name": "K. K\u00e4llstr\u00f6m", "club": "Djurg\u00e5rdens IF", "photo": "https://cdn.sofifa.org/18/players/31831.png", "age": 34, "club_logo": "https://cdn.sofifa.org/18/teams/710.png", "overall": 77, "dri": 72, "phy": 73, "pac": 36, "nationality": "Sweden", "def": 63, "sho": 70}, {"pas": 52, "name": "P. Jansson", "club": "Leeds United", "photo": "https://cdn.sofifa.org/18/players/194201.png", "age": 26, "club_logo": "https://cdn.sofifa.org/18/teams/8.png", "overall": 77, "dri": 61, "phy": 81, "pac": 62, "nationality": "Sweden", "def": 77, "sho": 42}], "Germany": [{"pas": 95, "name": "M. Neuer", "club": "FC Bayern Munich", "photo": "https://cdn.sofifa.org/18/players/167495.png", "age": 31, "club_logo": "https://cdn.sofifa.org/18/teams/21.png", "overall": 92, "dri": 89, "phy": 91, "pac": 91, "nationality": "Germany", "def": 60, "sho": 90}, {"pas": 89, "name": "T. Kroos", "club": "Real Madrid CF", "photo": "https://cdn.sofifa.org/18/players/182521.png", "age": 27, "club_logo": "https://cdn.sofifa.org/18/teams/243.png", "overall": 90, "dri": 81, "phy": 70, "pac": 56, "nationality": "Germany", "def": 73, "sho": 81}, {"pas": 72, "name": "J. Boateng", "club": "FC Bayern Munich", "photo": "https://cdn.sofifa.org/18/players/183907.png", "age": 28, "club_logo": "https://cdn.sofifa.org/18/teams/21.png", "overall": 88, "dri": 67, "phy": 84, "pac": 75, "nationality": "Germany", "def": 88, "sho": 50}, {"pas": 75, "name": "M. Hummels", "club": "FC Bayern Munich", "photo": "https://cdn.sofifa.org/18/players/178603.png", "age": 28, "club_logo": "https://cdn.sofifa.org/18/teams/21.png", "overall": 88, "dri": 71, "phy": 76, "pac": 64, "nationality": "Germany", "def": 89, "sho": 58}, {"pas": 87, "name": "M. \u00d6zil", "club": "Arsenal", "photo": "https://cdn.sofifa.org/18/players/176635.png", "age": 28, "club_logo": "https://cdn.sofifa.org/18/teams/1.png", "overall": 88, "dri": 86, "phy": 58, "pac": 71, "nationality": "Germany", "def": 24, "sho": 74}, {"pas": 77, "name": "T. M\u00fcller", "club": "FC Bayern Munich", "photo": "https://cdn.sofifa.org/18/players/189596.png", "age": 27, "club_logo": "https://cdn.sofifa.org/18/teams/21.png", "overall": 86, "dri": 78, "phy": 71, "pac": 77, "nationality": "Germany", "def": 46, "sho": 82}, {"pas": 84, "name": "M. Reus", "club": "Borussia Dortmund", "photo": "https://cdn.sofifa.org/18/players/188350.png", "age": 28, "club_logo": "https://cdn.sofifa.org/18/teams/22.png", "overall": 86, "dri": 86, "phy": 64, "pac": 88, "nationality": "Germany", "def": 39, "sho": 87}, {"pas": 74, "name": "B. Leno", "club": "Bayer 04 Leverkusen", "photo": "https://cdn.sofifa.org/18/players/192563.png", "age": 25, "club_logo": "https://cdn.sofifa.org/18/teams/32.png", "overall": 85, "dri": 83, "phy": 85, "pac": 85, "nationality": "Germany", "def": 49, "sho": 84}, {"pas": 87, "name": "M. ter Stegen", "club": "FC Barcelona", "photo": "https://cdn.sofifa.org/18/players/192448.png", "age": 25, "club_logo": "https://cdn.sofifa.org/18/teams/241.png", "overall": 85, "dri": 86, "phy": 81, "pac": 84, "nationality": "Germany", "def": 45, "sho": 83}, {"pas": 83, "name": "I. G\u00fcndo\u011fan", "club": "Manchester City", "photo": "https://cdn.sofifa.org/18/players/186942.png", "age": 26, "club_logo": "https://cdn.sofifa.org/18/teams/10.png", "overall": 85, "dri": 87, "phy": 71, "pac": 71, "nationality": "Germany", "def": 64, "sho": 74}], "Colombia": [{"pas": 85, "name": "J. Rodr\u00edguez", "club": "FC Bayern Munich", "photo": "https://cdn.sofifa.org/18/players/198710.png", "age": 25, "club_logo": "https://cdn.sofifa.org/18/teams/21.png", "overall": 86, "dri": 83, "phy": 68, "pac": 76, "nationality": "Colombia", "def": 40, "sho": 85}, {"pas": 68, "name": "Falcao", "club": "AS Monaco", "photo": "https://cdn.sofifa.org/18/players/167397.png", "age": 31, "club_logo": "https://cdn.sofifa.org/18/teams/69.png", "overall": 84, "dri": 78, "phy": 74, "pac": 69, "nationality": "Colombia", "def": 37, "sho": 84}, {"pas": 64, "name": "C. Bacca", "club": "Villarreal CF", "photo": "https://cdn.sofifa.org/18/players/207664.png", "age": 30, "club_logo": "https://cdn.sofifa.org/18/teams/483.png", "overall": 82, "dri": 79, "phy": 70, "pac": 77, "nationality": "Colombia", "def": 24, "sho": 79}, {"pas": 75, "name": "J. Cuadrado", "club": "Juventus", "photo": "https://cdn.sofifa.org/18/players/193082.png", "age": 29, "club_logo": "https://cdn.sofifa.org/18/teams/45.png", "overall": 82, "dri": 87, "phy": 65, "pac": 91, "nationality": "Colombia", "def": 61, "sho": 74}, {"pas": 50, "name": "D. S\u00e1nchez", "club": "Tottenham Hotspur", "photo": "https://cdn.sofifa.org/18/players/220793.png", "age": 21, "club_logo": "https://cdn.sofifa.org/18/teams/18.png", "overall": 81, "dri": 59, "phy": 83, "pac": 71, "nationality": "Colombia", "def": 81, "sho": 47}, {"pas": 68, "name": "L. Muriel", "club": "Sevilla FC", "photo": "https://cdn.sofifa.org/18/players/199110.png", "age": 26, "club_logo": "https://cdn.sofifa.org/18/teams/481.png", "overall": 80, "dri": 85, "phy": 72, "pac": 89, "nationality": "Colombia", "def": 25, "sho": 77}, {"pas": 56, "name": "J. Murillo", "club": "Valencia CF", "photo": "https://cdn.sofifa.org/18/players/201377.png", "age": 25, "club_logo": "https://cdn.sofifa.org/18/teams/461.png", "overall": 79, "dri": 63, "phy": 78, "pac": 75, "nationality": "Colombia", "def": 80, "sho": 40}, {"pas": 78, "name": "D. Ospina", "club": "Arsenal", "photo": "https://cdn.sofifa.org/18/players/176550.png", "age": 28, "club_logo": "https://cdn.sofifa.org/18/teams/1.png", "overall": 79, "dri": 84, "phy": 77, "pac": 83, "nationality": "Colombia", "def": 34, "sho": 71}, {"pas": 67, "name": "J. Izquierdo", "club": "Brighton & Hove Albion", "photo": "https://cdn.sofifa.org/18/players/219411.png", "age": 24, "club_logo": "https://cdn.sofifa.org/18/teams/1808.png", "overall": 78, "dri": 82, "phy": 62, "pac": 93, "nationality": "Colombia", "def": 27, "sho": 73}, {"pas": 52, "name": "D. Zapata", "club": "Sampdoria", "photo": "https://cdn.sofifa.org/18/players/215333.png", "age": 26, "club_logo": "https://cdn.sofifa.org/18/teams/1837.png", "overall": 78, "dri": 72, "phy": 78, "pac": 73, "nationality": "Colombia", "def": 27, "sho": 77}], "Japan": [{"pas": 76, "name": "S. Kagawa", "club": "Borussia Dortmund", "photo": "https://cdn.sofifa.org/18/players/189358.png", "age": 28, "club_logo": "https://cdn.sofifa.org/18/teams/22.png", "overall": 83, "dri": 87, "phy": 49, "pac": 70, "nationality": "Japan", "def": 34, "sho": 68}, {"pas": 81, "name": "K. Honda", "club": "Pachuca", "photo": "https://cdn.sofifa.org/18/players/186581.png", "age": 31, "club_logo": "https://cdn.sofifa.org/18/teams/110147.png", "overall": 78, "dri": 82, "phy": 66, "pac": 76, "nationality": "Japan", "def": 48, "sho": 71}, {"pas": 73, "name": "T. Inui", "club": "SD Eibar", "photo": "https://cdn.sofifa.org/18/players/205114.png", "age": 29, "club_logo": "https://cdn.sofifa.org/18/teams/467.png", "overall": 78, "dri": 86, "phy": 58, "pac": 83, "nationality": "Japan", "def": 37, "sho": 69}, {"pas": 69, "name": "S. Okazaki", "club": "Leicester City", "photo": "https://cdn.sofifa.org/18/players/194365.png", "age": 31, "club_logo": "https://cdn.sofifa.org/18/teams/95.png", "overall": 77, "dri": 78, "phy": 75, "pac": 74, "nationality": "Japan", "def": 47, "sho": 74}, {"pas": 67, "name": "Y. \u014csako", "club": "1. FC K\u00f6ln", "photo": "https://cdn.sofifa.org/18/players/191565.png", "age": 27, "club_logo": "https://cdn.sofifa.org/18/teams/31.png", "overall": 77, "dri": 80, "phy": 66, "pac": 76, "nationality": "Japan", "def": 37, "sho": 72}, {"pas": 75, "name": "M. Hasebe", "club": "Eintracht Frankfurt", "photo": "https://cdn.sofifa.org/18/players/181098.png", "age": 33, "club_logo": "https://cdn.sofifa.org/18/teams/1824.png", "overall": 77, "dri": 70, "phy": 72, "pac": 63, "nationality": "Japan", "def": 76, "sho": 51}, {"pas": 69, "name": "Y. Mut\u014d", "club": "1. FSV Mainz 05", "photo": "https://cdn.sofifa.org/18/players/228717.png", "age": 24, "club_logo": "https://cdn.sofifa.org/18/teams/169.png", "overall": 77, "dri": 79, "phy": 61, "pac": 78, "nationality": "Japan", "def": 39, "sho": 74}, {"pas": 65, "name": "H. Sakai", "club": "Olympique de Marseille", "photo": "https://cdn.sofifa.org/18/players/208520.png", "age": 27, "club_logo": "https://cdn.sofifa.org/18/teams/219.png", "overall": 76, "dri": 65, "phy": 77, "pac": 76, "nationality": "Japan", "def": 75, "sho": 48}, {"pas": 78, "name": "H. Kiyotake", "club": "Cerezo Osaka", "photo": "https://cdn.sofifa.org/18/players/210126.png", "age": 27, "club_logo": "https://cdn.sofifa.org/18/teams/101148.png", "overall": 76, "dri": 77, "phy": 57, "pac": 73, "nationality": "Japan", "def": 33, "sho": 69}, {"pas": 67, "name": "G. Haraguchi", "club": "Hertha BSC Berlin", "photo": "https://cdn.sofifa.org/18/players/217648.png", "age": 26, "club_logo": "https://cdn.sofifa.org/18/teams/166.png", "overall": 75, "dri": 81, "phy": 47, "pac": 85, "nationality": "Japan", "def": 39, "sho": 60}], "Italy": [{"pas": 56, "name": "G. Chiellini", "club": "Juventus", "photo": "https://cdn.sofifa.org/18/players/138956.png", "age": 32, "club_logo": "https://cdn.sofifa.org/18/teams/45.png", "overall": 89, "dri": 59, "phy": 85, "pac": 74, "nationality": "Italy", "def": 90, "sho": 46}, {"pas": 74, "name": "G. Buffon", "club": "Juventus", "photo": "https://cdn.sofifa.org/18/players/1179.png", "age": 39, "club_logo": "https://cdn.sofifa.org/18/teams/45.png", "overall": 89, "dri": 84, "phy": 90, "pac": 89, "nationality": "Italy", "def": 46, "sho": 88}, {"pas": 70, "name": "L. Bonucci", "club": "Milan", "photo": "https://cdn.sofifa.org/18/players/184344.png", "age": 30, "club_logo": "https://cdn.sofifa.org/18/teams/47.png", "overall": 88, "dri": 70, "phy": 81, "pac": 68, "nationality": "Italy", "def": 87, "sho": 54}, {"pas": 84, "name": "M. Verratti", "club": "Paris Saint-Germain", "photo": "https://cdn.sofifa.org/18/players/199556.png", "age": 24, "club_logo": "https://cdn.sofifa.org/18/teams/73.png", "overall": 87, "dri": 89, "phy": 68, "pac": 65, "nationality": "Italy", "def": 79, "sho": 59}, {"pas": 82, "name": "L. Insigne", "club": "Napoli", "photo": "https://cdn.sofifa.org/18/players/198219.png", "age": 26, "club_logo": "https://cdn.sofifa.org/18/teams/48.png", "overall": 85, "dri": 89, "phy": 50, "pac": 90, "nationality": "Italy", "def": 25, "sho": 74}, {"pas": 83, "name": "C. Marchisio", "club": "Juventus", "photo": "https://cdn.sofifa.org/18/players/173210.png", "age": 31, "club_logo": "https://cdn.sofifa.org/18/teams/45.png", "overall": 85, "dri": 84, "phy": 74, "pac": 78, "nationality": "Italy", "def": 76, "sho": 72}, {"pas": 57, "name": "A. Barzagli", "club": "Juventus", "photo": "https://cdn.sofifa.org/18/players/137186.png", "age": 36, "club_logo": "https://cdn.sofifa.org/18/teams/45.png", "overall": 85, "dri": 64, "phy": 73, "pac": 71, "nationality": "Italy", "def": 88, "sho": 34}, {"pas": 82, "name": "G. Bonaventura", "club": "Milan", "photo": "https://cdn.sofifa.org/18/players/189125.png", "age": 27, "club_logo": "https://cdn.sofifa.org/18/teams/47.png", "overall": 83, "dri": 83, "phy": 73, "pac": 78, "nationality": "Italy", "def": 67, "sho": 77}, {"pas": 73, "name": "D. De Rossi", "club": "Roma", "photo": "https://cdn.sofifa.org/18/players/53302.png", "age": 33, "club_logo": "https://cdn.sofifa.org/18/teams/52.png", "overall": 83, "dri": 70, "phy": 82, "pac": 68, "nationality": "Italy", "def": 81, "sho": 64}, {"pas": 79, "name": "S. Giovinco", "club": "Toronto FC", "photo": "https://cdn.sofifa.org/18/players/184431.png", "age": 30, "club_logo": "https://cdn.sofifa.org/18/teams/111651.png", "overall": 83, "dri": 87, "phy": 57, "pac": 84, "nationality": "Italy", "def": 27, "sho": 81}], "Argentina": [{"pas": 86, "name": "L. Messi", "club": "FC Barcelona", "photo": "https://cdn.sofifa.org/18/players/158023.png", "age": 30, "club_logo": "https://cdn.sofifa.org/18/teams/241.png", "overall": 93, "dri": 96, "phy": 61, "pac": 89, "nationality": "Argentina", "def": 26, "sho": 90}, {"pas": 70, "name": "G. Higua\u00edn", "club": "Juventus", "photo": "https://cdn.sofifa.org/18/players/167664.png", "age": 29, "club_logo": "https://cdn.sofifa.org/18/teams/45.png", "overall": 90, "dri": 83, "phy": 74, "pac": 79, "nationality": "Argentina", "def": 25, "sho": 87}, {"pas": 75, "name": "S. Ag\u00fcero", "club": "Manchester City", "photo": "https://cdn.sofifa.org/18/players/153079.png", "age": 29, "club_logo": "https://cdn.sofifa.org/18/teams/10.png", "overall": 89, "dri": 89, "phy": 72, "pac": 87, "nationality": "Argentina", "def": 23, "sho": 88}, {"pas": 81, "name": "P. Dybala", "club": "Juventus", "photo": "https://cdn.sofifa.org/18/players/211110.png", "age": 23, "club_logo": "https://cdn.sofifa.org/18/teams/45.png", "overall": 88, "dri": 91, "phy": 67, "pac": 86, "nationality": "Argentina", "def": 24, "sho": 85}, {"pas": 82, "name": "A. Di Mar\u00eda", "club": "Paris Saint-Germain", "photo": "https://cdn.sofifa.org/18/players/183898.png", "age": 29, "club_logo": "https://cdn.sofifa.org/18/teams/73.png", "overall": 85, "dri": 86, "phy": 68, "pac": 86, "nationality": "Argentina", "def": 47, "sho": 77}, {"pas": 61, "name": "M. Icardi", "club": "Inter", "photo": "https://cdn.sofifa.org/18/players/201399.png", "age": 24, "club_logo": "https://cdn.sofifa.org/18/teams/44.png", "overall": 84, "dri": 75, "phy": 70, "pac": 78, "nationality": "Argentina", "def": 26, "sho": 83}, {"pas": 80, "name": "A. G\u00f3mez", "club": "Atalanta", "photo": "https://cdn.sofifa.org/18/players/143076.png", "age": 29, "club_logo": "https://cdn.sofifa.org/18/teams/39.png", "overall": 84, "dri": 89, "phy": 58, "pac": 90, "nationality": "Argentina", "def": 31, "sho": 77}, {"pas": 81, "name": "N. Gait\u00e1n", "club": "Atl\u00e9tico Madrid", "photo": "https://cdn.sofifa.org/18/players/184144.png", "age": 29, "club_logo": "https://cdn.sofifa.org/18/teams/240.png", "overall": 83, "dri": 85, "phy": 55, "pac": 81, "nationality": "Argentina", "def": 39, "sho": 74}, {"pas": 71, "name": "J. Mascherano", "club": "FC Barcelona", "photo": "https://cdn.sofifa.org/18/players/142754.png", "age": 33, "club_logo": "https://cdn.sofifa.org/18/teams/241.png", "overall": 83, "dri": 68, "phy": 77, "pac": 65, "nationality": "Argentina", "def": 82, "sho": 53}, {"pas": 81, "name": "L. Biglia", "club": "Milan", "photo": "https://cdn.sofifa.org/18/players/158963.png", "age": 31, "club_logo": "https://cdn.sofifa.org/18/teams/47.png", "overall": 83, "dri": 80, "phy": 75, "pac": 69, "nationality": "Argentina", "def": 75, "sho": 63}], "Norway": [{"pas": 72, "name": "R. Jarstein", "club": "Hertha BSC Berlin", "photo": "https://cdn.sofifa.org/18/players/104389.png", "age": 32, "club_logo": "https://cdn.sofifa.org/18/teams/166.png", "overall": 82, "dri": 85, "phy": 87, "pac": 78, "nationality": "Norway", "def": 43, "sho": 81}, {"pas": 76, "name": "M. Elyounoussi", "club": "FC Basel", "photo": "https://cdn.sofifa.org/18/players/203362.png", "age": 22, "club_logo": "https://cdn.sofifa.org/18/teams/896.png", "overall": 78, "dri": 80, "phy": 65, "pac": 85, "nationality": "Norway", "def": 39, "sho": 71}, {"pas": 60, "name": "J. King", "club": "Bournemouth", "photo": "https://cdn.sofifa.org/18/players/185422.png", "age": 25, "club_logo": "https://cdn.sofifa.org/18/teams/1943.png", "overall": 77, "dri": 76, "phy": 70, "pac": 90, "nationality": "Norway", "def": 29, "sho": 77}, {"pas": 71, "name": "H. Nordtveit", "club": "TSG 1899 Hoffenheim", "photo": "https://cdn.sofifa.org/18/players/182888.png", "age": 27, "club_logo": "https://cdn.sofifa.org/18/teams/10029.png", "overall": 77, "dri": 66, "phy": 79, "pac": 53, "nationality": "Norway", "def": 77, "sho": 53}, {"pas": 75, "name": "O. Seln\u00e6s", "club": "AS Saint-\u00c9tienne", "photo": "https://cdn.sofifa.org/18/players/204612.png", "age": 22, "club_logo": "https://cdn.sofifa.org/18/teams/1819.png", "overall": 75, "dri": 73, "phy": 72, "pac": 68, "nationality": "Norway", "def": 70, "sho": 60}, {"pas": 56, "name": "O. Kamara", "club": "Columbus Crew SC", "photo": "https://cdn.sofifa.org/18/players/179551.png", "age": 27, "club_logo": "https://cdn.sofifa.org/18/teams/687.png", "overall": 75, "dri": 71, "phy": 76, "pac": 76, "nationality": "Norway", "def": 36, "sho": 74}, {"pas": 71, "name": "O. Elabdellaoui", "club": "Olympiakos CFP", "photo": "https://cdn.sofifa.org/18/players/190824.png", "age": 25, "club_logo": "https://cdn.sofifa.org/18/teams/280.png", "overall": 75, "dri": 76, "phy": 71, "pac": 83, "nationality": "Norway", "def": 70, "sho": 55}, {"pas": 74, "name": "S. Johansen", "club": "Fulham", "photo": "https://cdn.sofifa.org/18/players/187043.png", "age": 26, "club_logo": "https://cdn.sofifa.org/18/teams/144.png", "overall": 75, "dri": 74, "phy": 75, "pac": 70, "nationality": "Norway", "def": 61, "sho": 69}, {"pas": 74, "name": "M. \u00d8degaard", "club": "SC Heerenveen", "photo": "https://cdn.sofifa.org/18/players/222665.png", "age": 18, "club_logo": "https://cdn.sofifa.org/18/teams/1913.png", "overall": 74, "dri": 83, "phy": 42, "pac": 72, "nationality": "Norway", "def": 32, "sho": 58}, {"pas": 69, "name": "J. Svensson", "club": "AZ Alkmaar", "photo": "https://cdn.sofifa.org/18/players/198657.png", "age": 24, "club_logo": "https://cdn.sofifa.org/18/teams/1906.png", "overall": 74, "dri": 69, "phy": 80, "pac": 78, "nationality": "Norway", "def": 71, "sho": 57}], "Spain": [{"pas": 87, "name": "De Gea", "club": "Manchester United", "photo": "https://cdn.sofifa.org/18/players/193080.png", "age": 26, "club_logo": "https://cdn.sofifa.org/18/teams/11.png", "overall": 90, "dri": 90, "phy": 86, "pac": 90, "nationality": "Spain", "def": 58, "sho": 85}, {"pas": 71, "name": "Sergio Ramos", "club": "Real Madrid CF", "photo": "https://cdn.sofifa.org/18/players/155862.png", "age": 31, "club_logo": "https://cdn.sofifa.org/18/teams/243.png", "overall": 90, "dri": 71, "phy": 83, "pac": 76, "nationality": "Spain", "def": 88, "sho": 63}, {"pas": 85, "name": "Thiago", "club": "FC Bayern Munich", "photo": "https://cdn.sofifa.org/18/players/189509.png", "age": 26, "club_logo": "https://cdn.sofifa.org/18/teams/21.png", "overall": 88, "dri": 90, "phy": 63, "pac": 72, "nationality": "Spain", "def": 62, "sho": 75}, {"pas": 87, "name": "David Silva", "club": "Manchester City", "photo": "https://cdn.sofifa.org/18/players/168542.png", "age": 31, "club_logo": "https://cdn.sofifa.org/18/teams/10.png", "overall": 87, "dri": 87, "phy": 61, "pac": 68, "nationality": "Spain", "def": 38, "sho": 72}, {"pas": 69, "name": "Piqu\u00e9", "club": "FC Barcelona", "photo": "https://cdn.sofifa.org/18/players/152729.png", "age": 30, "club_logo": "https://cdn.sofifa.org/18/teams/241.png", "overall": 87, "dri": 65, "phy": 76, "pac": 65, "nationality": "Spain", "def": 86, "sho": 61}, {"pas": 87, "name": "Iniesta", "club": "FC Barcelona", "photo": "https://cdn.sofifa.org/18/players/41.png", "age": 33, "club_logo": "https://cdn.sofifa.org/18/teams/241.png", "overall": 87, "dri": 90, "phy": 58, "pac": 71, "nationality": "Spain", "def": 58, "sho": 70}, {"pas": 82, "name": "Isco", "club": "Real Madrid CF", "photo": "https://cdn.sofifa.org/18/players/197781.png", "age": 25, "club_logo": "https://cdn.sofifa.org/18/teams/243.png", "overall": 86, "dri": 89, "phy": 62, "pac": 71, "nationality": "Spain", "def": 54, "sho": 83}, {"pas": 79, "name": "Sergio Busquets", "club": "FC Barcelona", "photo": "https://cdn.sofifa.org/18/players/189511.png", "age": 28, "club_logo": "https://cdn.sofifa.org/18/teams/241.png", "overall": 86, "dri": 74, "phy": 81, "pac": 40, "nationality": "Spain", "def": 82, "sho": 59}, {"pas": 65, "name": "Diego Costa", "club": "Chelsea", "photo": "https://cdn.sofifa.org/18/players/179844.png", "age": 28, "club_logo": "https://cdn.sofifa.org/18/teams/5.png", "overall": 86, "dri": 76, "phy": 88, "pac": 75, "nationality": "Spain", "def": 40, "sho": 83}, {"pas": 69, "name": "Javi Mart\u00ednez", "club": "FC Bayern Munich", "photo": "https://cdn.sofifa.org/18/players/177610.png", "age": 28, "club_logo": "https://cdn.sofifa.org/18/teams/21.png", "overall": 86, "dri": 65, "phy": 80, "pac": 50, "nationality": "Spain", "def": 86, "sho": 60}]}, "top20list": [{"nationality": "England", "player_count": 1631}, {"nationality": "Germany", "player_count": 1147}, {"nationality": "Spain", "player_count": 1020}, {"nationality": "France", "player_count": 966}, {"nationality": "Argentina", "player_count": 962}, {"nationality": "Brazil", "player_count": 806}, {"nationality": "Italy", "player_count": 800}, {"nationality": "Colombia", "player_count": 593}, {"nationality": "Japan", "player_count": 471}, {"nationality": "Netherlands", "player_count": 430}, {"nationality": "Republic of Ireland", "player_count": 418}, {"nationality": "United States", "player_count": 378}, {"nationality": "Chile", "player_count": 374}, {"nationality": "Sweden", "player_count": 373}, {"nationality": "Mexico", "player_count": 361}, {"nationality": "Portugal", "player_count": 360}, {"nationality": "Denmark", "player_count": 346}, {"nationality": "Poland", "player_count": 338}, {"nationality": "Korea Republic", "player_count": 331}, {"nationality": "Norway", "player_count": 331}], "nations": ["England", "Germany", "Spain", "France", "Argentina", "Brazil", "Italy", "Colombia", "Japan", "Netherlands", "Republic of Ireland", "United States", "Chile", "Sweden", "Mexico", "Portugal", "Denmark", "Poland", "Korea Republic", "Norway"]}